1;SERINGUE CHROMEE A CARTOUCHE MODELE1640;23;34.54;3;1;2;3-010
2;ARTINIBSA 1/100 000 (50X1,8ML);10;12.9;3;1;67;3-810
3;ARTINIBSA 1/200 000 (50X1,8ML);10;12.9;3;1;67;3-811
4;AIGUILLES MEDIBASE PERIAPICALES 30G - 0,30MM LONGUEUR 16MM;8;6;3;1;8;3-116
5;AIGUILLES MEDIBASE TRONCULAIRES 25G - 0,50MM LONGUEUR 37MM;4;6;3;1;8;3-119
6;AIGUILLES MEDIBASE PERIAPICALES 27G - 0,40MM LONGUEUR 16MM;8;6;3;1;8;3-218
7;XYLOCONTACT (15G);5;50.26;3;1;3;104-206
8;XYLOROLLAND SS VASO (50X1,8ML);5;28.63;3;1;3;3-292
9;AIGUILLES R&S INTRALIGAMENTAIRES 30G-0,30MM LONGUEUR 12MM;8;6.45;3;1;4;3-021
10;AIGUILLES R&S INTRASEPTALES 27G - 0,40MM LONGUEUR 8MM;8;6.45;3;1;4;3-030
11;DENTA TEST MENTHE (200ML);6;3.5;3;1;4;3-201
12;AIGUILLES PERIAPICALES 30G - 0,30MM LONGUEUR 16MM TERUMO (100);16;10.96;3;1;5;3-200
13;BAC DECONTAMINATION COUVERCLE BLEU TAMIS BLEU DENTO-VIRACTIS (3L);8;26;3;2;45;4-863
14;BAC DECONTAMINATION FRAISES COUVERCLE BLEU TAMIS BLEU DENTO-VIRACTIS;6;4;3;2;45;4-864
15;IMS CASSETTE SIGNATURE DIN 16 VERT;3;125.3;3;2;40;105-56211
16;TEST DE STERILISATION HELIX HYGITECH (100);2;41.3;3;2;14;106-449
17;INDICATEURS DE STE. ISP PRION (250);2;29.9;3;2;90;4-273
18;SACHETS 30X45CM MEDIBASE (200);6;32.8;3;2;8;104-657
19;GAINE MEDIBASE (7,5CM X 200M);3;13.95;3;2;8;104-738
20;GAINE MEDIBASE (25CM X 200M);3;49.95;3;2;8;104-742
21;SACHETS 8,5X16,5CM MEDIBASE (200);10;6.4;3;2;8;4-962
22;SACHETS 7X25,5CM MEDIBASE (200);6;7.95;3;2;8;4-963
23;SACHETS 9X25,5CM MEDIBASE (200);10;9.25;3;2;8;4-964
24;SACHETS 5.7X13CM MEDIBASE (200);2;5.45;3;2;8;4-967
25;SACHETS 18X33CM MEDIBASE (200);6;17.25;3;2;8;4-968
26;SACHETS 9X13CM MEDIBASE (200);3;6.75;3;2;8;4-969
27;CASSETTE A 12 COMPARTIMENTS 21x6CM;1;37.73;3;2;9;4-606
28;GAINE R&S (10CMX200M);5;16.9;3;2;4;4-762
29;EAU DEMINERALISEE (2X5L);10;8.75;3;2;10;104-301
30;SUTURES SAFIL C1048514 3/0 3/8 POINTE TRIANGULAIRE 16MM (36);4;143.5;3;3;11;3-254
31;HAEMOSTATIC SPONGES STERILE BLISTER CLINIX (20);2;6.2;3;3;12;106-815
32;HAEMOSTATIC SPONGES VRAC STERILE CLINIX (50);3;14.25;3;3;12;106-817
33;SUTURES ETHILON NOIR VECTRAL 5/0 3/8 CERCLE 16MM (36);3;128.66;3;3;13;105-94002
34;COE-PACK PRISE RAPIDE (2X90 G);1;34.72;3;3;18;12-016
35;CHLORURE DE SODIUM 250 ML HYGITECH (10);1;19.74;3;3;14;104-755
36;CANULES YANKAUER HYGITECH (50);1;64.61;3;3;14;107-213
37;CHLORURE DE SODIUM 500 ML HYGITECH (15);1;18.9;3;3;14;22-496
38;INSTANT FREEZE HYGITECH (5);5;3.1;3;3;14;22-536
39;SETS D'IRRIGATION OMNIA I-SURGE (10);1;75;3;3;15;22-529
40;GINGISTAT (20);0;0;3;3;3;3-131
41;SUTURSILK 18MM 4/0 REVERSE CUT 1/2 (12);4;23.5;3;3;4;105-84910
42;BISTOURI ELECTROCAUTERE HTC;4;28.63;3;3;10;11-915
43;KETAC CEM PLUS AUTO. BOITE STAND(1X8.5G);0;0;3;4;1;104-160
44;DYCAL COFFRET PATE + CATALYSEUR;4;22.33;3;4;17;12-300
45;FUJI PLUS COFFRET INTRO POUDRE-LIQUIDE TEINTE A3;4;84.63;3;4;18;12-129
46;FUJI I CAPSULES TEINTE JAUNE CLAIR (50);4;82.53;3;4;18;12-359
47;FUJI ORTHO LC CAPSULES (50);1;111.3;3;4;18;12-599
48;PISTOLET APPLICATEUR IV GC;5;68.18;3;4;18;12-881
49;DENTOTEMP AUTOMIX VALUE PACK (4X5ML);2;84.28;3;4;19;103-668
50;TOTAL C-RAM SERINGUE TEINTE TRANSLUCIDE (8G);4;55.3;3;4;19;106-84001
51;SILANEA 1,2 ML + 5 EMBOUTS;2;12.81;3;4;19;14-047
52;PROVITEMP AUTOMIX COFFRET (5ML);0;0;3;4;19;24-400
53;DENTOTEMP COFFRET AUTOMIX (2X5ML);4;46.83;3;4;19;24-406
54;DENTOTEMP EMBOUTS MELANGEURS (20);2;19.53;3;4;19;25-000
55;TEMPBOND AUTOMIX NE SERINGUES (2X11,8G);6;54.95;3;4;20;12-850
56;TEMPBOND EMBOUTS AUTOMIX (50);1;41.23;3;4;20;12-901
57;SUPRACAL SERINGUE (2ML);6;19;3;4;4;12-306
58;SILANE ULTRADENT (2X1.2 ML);4;20.3;3;4;55;14-002
59;CALCICUR SERINGUE (2,5G);4;31.22;3;4;22;24-385
60;CIRE ALUWAX PLAQUES (450G);4;33.6;3;5;91;1-599
61;IMPRESSION COMPOUND BATONNETS VERT (113G);4;16.73;3;5;20;1-321
62;LAMPE A ALCOOL PRODONT;6;36.4;3;5;25;15-215
63;CIRE A MODELER ESVE ETE BTE (1 KG);4;41.93;3;5;25;1-556
64;SPATULE METAL A IMPREGUM 3M;6;16.7;3;6;1;1-210
65;ARP CAP PATE RETRACTION CAPSULES (25);0;0;3;6;1;16-693
66;EMBOUTS MELANGEURS JAUNES ECON (100);4;24;3;6;26;1-772
67;EMBOUTS INTRA-ORAUX JAUNES ECON (100);4;7;3;6;26;1-773
68;EMBOUTS MELANGEURS VERTS ECON (100);4;24;3;6;26;1-774
69;MIRATRAYS-MINI (50);4;17.15;3;6;27;1-552
70;INSTRUMENT FILS RETRACTION HU-FRIEDY;4;32.83;3;6;40;11-317
71;TRAXODENT SERINGUES (7);4;75.46;3;6;19;1-534
72;RETRACAP SMALL (25);5;7.56;3;6;19;1-540
73;PERMLASTIC REGULAR (100G PATE + 130G CATALYSEUR);4;34.65;3;6;20;1-300
74;PERMLASTIC ADHESIF FLACON (60ML);4;18.9;3;6;20;1-305
75;P.E DURA LOCK RECHARGE HAUT XS (50);1;32.13;3;6;92;16-153
76;P.E DURA LOCK RECHARGE BAS XS (50);1;32.13;3;6;92;16-154
77;P.E DURA LOCK RECHARGE HAUT SMALL (50);1;32.13;3;6;92;16-155
78;P.E DURA LOCK RECHARGE BAS SMALL (50);1;32.13;3;6;92;16-156
79;P.E DURA LOCK RECHARGE HAUT MOYEN (50);1;32.13;3;6;92;16-157
80;P.E DURA LOCK RECHARGE BAS MOYEN (50);1;32.13;3;6;92;16-158
81;P.E DURA LOCK RECHARGE HAUT LARGE (50);1;32.13;3;6;92;16-159
82;P.E DURA LOCK RECHARGE BAS LARGE (50);1;32.13;3;6;92;16-160
83;TRIPLE TRAY SIDELESS UNIQUE (48);1;41.93;3;6;28;1-943
84;RETRACTO BRAIDED IMPREGNE N?1 FIN(2,25M);4;14.63;3;6;29;1-980
85;RETRACTO BRAIDED IMPREGNE N?2 MOYEN (2,25M);4;14.63;3;6;29;1-981
86;RETRACTO BRAIDED IMPREGNE N?3 GROS (2,25M);4;14.63;3;6;29;1-982
87;SACS POUR EMPREINTES R&S (100);2;18.5;3;6;4;103-268
88;SPATULE A ALGINATE COUDEE BLEU;10;2.3;3;6;4;103-66201
89;BOL A ALGINATE BLEU;10;1.95;3;6;4;103-66301
90;PISTOLET MELANGEUR;5;29.5;3;6;4;16-054
91;SET DE MESURE ALGINATES;6;0.75;3;6;4;16-089
92;TURBOFLEX LIGHT NORMAL SET (4X50ML);6;32.9;3;6;4;16-120
93;TURBOFLEX LIGHT FAST SET (4X50ML);6;32.9;3;6;4;16-121
94;P.E. ALU PERFORE HAUT TAILLE 2 R&S;10;1.3;3;6;4;16-176
95;P.E. ALU PERFORE HAUT TAILLE 3 R&S;10;1.3;3;6;4;16-177
96;P.E. ALU PERFORE BAS TAILLE 2 R&S;10;1.3;3;6;4;16-182
97;P.E. ALU PERFORE BAS TAILLE 3 R&S;10;1.3;3;6;4;16-183
98;P.E. INOX PERFORES ASSORTIS R&S (12);4;37.5;3;6;4;16-187
99;TURBOCLUSION (2X50ML+12 EMB. MEL);6;21.75;3;6;4;16-673
100;BITE-TRAYS DROITS R&S (50);4;8;3;6;4;1-685
101;SUPPORT BITE TRAYS R&S (1);4;0;3;6;4;1-688
102;SUPPORT BITE TRAYS R&S (5);4;39.9;3;6;4;1-696
103;BOITE POUR ALGINATE CFPM;4;4.5;3;6;4;1-763
104;TURBOPRINT ORTHO SACHET (500 G);10;5.45;3;6;4;1-971
105;TURBOPRINT A SACHET (500 G);8;5;3;6;4;1-973
106;TURBOFLEX PUTTY SOFT NORMAL SET (2X250ML);6;29.9;3;6;4;1-989
107;TURBOFLEX PUTTY SOFT FAST SET (2X250ML);6;29.9;3;6;4;1-990
108;SUPRATRAYS ANTERIEUR UNIQUE R&S (32);4;14.95;3;6;4;5-897
109;SUPRATRAYS QUADRANT UNIQUE R&S (36);4;14.95;3;6;4;5-898
110;IMPRESSION PASTE SS WHITE;6;13.23;3;6;30;1-480
111;ENDO PREP EDTA GEL CLINIX (2X3ML);4;24.95;3;7;12;9-358
112;SEQUENCEUR CMA SYSTEM;15;8.5;3;7;31;10-736
113;FORETS CYLINDRO-CONIQUES DENTOCLIC LONGUEUR - 36MM N?3 JAUNE (4);6;51.1;3;7;32;54-135
114;FORETS CYLINDRO-CONIQUES DENTOCLIC LONGUEUR - 36MM N?2 BLANC (4);6;51.1;3;7;32;54-140
115;FORETS GATES DENTOCLIC LONGUEUR 28MM N?1 (6);6;10.5;3;7;32;54-620
116;FORETS GATES DENTOCLIC LONGUEUR 28MM N?2 (6);6;10.5;3;7;32;54-621
117;FORETS GATES DENTOCLIC LONGUEUR 28MM N?3 (6);6;10.5;3;7;32;54-622
118;FORETS LARGO/PEESO DENTOCLIC LONGUEUR 28MM N? 1 (6);10;10.5;3;7;32;54-634
119;FORETS LARGO/PEESO DENTOCLIC LONGUEUR 28MM N? 2 (6);10;10.5;3;7;32;54-635
120;FORETS LARGO/PEESO DENTOCLIC LONGUEUR 28MM N? 3 (6);10;10.5;3;7;32;54-636
121;FORETS LARGO/PEESO DENTOCLIC LONGUEUR 28MM N? 4 (6);4;14.56;3;7;32;54-637
122;OXYDE DE ZINC PRISE NORMALE POT (400 G);1;22.71;3;7;17;3-452
123;DPC 7 FLACON (15 ML);4;30.45;3;7;17;3-462
124;HYPOCHLORITE DENTSPLY (90ML);6;3.85;3;7;17;4-801
125;FOULOIR A GUTTA N?1/2 MAILLEFER;12;25.62;3;7;33;10-195
126;PROTAPER STERILES RETRAITEMENT N? D1 LONG. 16MM (6);6;43.37;3;7;33;106-03601
127;PROTAPER STERILES RETRAITEMENT N? D2 LONG. 18MM (6);6;43.37;3;7;33;106-03602
128;PROTAPER STERILES RETRAITEMENT N? D3 LONG. 22MM (6);6;43.37;3;7;33;106-03603
129;PROTAPER GOLD STERILES BLISTER (6) N? F1 LONG. 25MM;6;48.93;3;7;33;108-46202
130;PROTAPER GOLD STERILES BLISTER (6) N? F2 LONG. 25MM;6;48.93;3;7;33;108-46203
131;PROTAPER GOLD STERILES BLISTER (6) N? S1 LONG. 25MM;6;48.93;3;7;33;108-46208
132;PROTAPER GOLD STERILES BLISTER (6) N? S2 LONG. 25MM;6;48.93;3;7;33;108-46209
133;FINGER SPREADER INOX MANCHE PLAST ASSORTIS LONGUEUR 25MM (4);3;11.13;3;7;33;90-329
134;FILIERE POUR CALIBRAGE MAILLEFER (1);6;33.46;3;7;33;90-346
135;LENTULO FIN LONGUEUR 25MM (4);12;9.73;3;7;33;9-801
136;VERIFIER INSTRUMENTS N?30 LONGUEUR 25MM (6);1;23.03;3;7;33;9-959
137;VERIFIER INSTRUMENTS N?25 LONGUEUR 25MM (6);1;23.03;3;7;33;CS-1708
138;MINI BAC INOX COUVERCLE GRIS TAMIS GRIS;4;29.65;3;7;27;15-747
139;ELECTRODES LABIALES POUR EMS + IONYX (4);1;31.85;3;7;93;CS-5043
140;CRAMPON IVORY N?7;6;18.13;3;7;94;14-520
141;CRAMPON IVORY N?8;6;18.13;3;7;94;14-521
142;CRAMPON IVORY N?1;6;18.13;3;7;94;14-526
143;CRAMPON IVORY N?9;3;18.13;3;7;94;14-531
144;MINI GRIPP ASSORTIES;2;27.93;3;7;9;10-478
145;BOITE DE PULPECTOMIE 12 COMPARTIEMENTS GRIS;6;41.09;3;7;9;10-519
146;ENDO MODULES ASSORTIES (4);1;46.13;3;7;9;10-524
147;RESOSOLV FLACON (14ML);1;48.86;3;7;3;3-130
148;CORTISOMOL SP POUDRE (25 G);6;67.41;3;7;3;3-316
149;EUGENOL FLACON R&S (20ML);6;6.5;3;7;4;12-483
150;POINTES PAPIER MULTI TAPER VARIABLE N?20 LONGUEUR 30MM R&S (100);6;4.2;3;7;4;29-250
151;POINTES PAPIER MULTI TAPER VARIABLE N?25 LONGUEUR 30MM R&S (100);6;4.2;3;7;4;29-251
152;POINTES PAPIER MULTI TAPER VARIABLE N?30 LONGUEUR 30MM R&S (100);6;4.2;3;7;4;29-252
153;POINTES GUTTA MULTI TAPER VARIABLE N?20 LONGUEUR 30MM R&S (60);6;5;3;7;4;29-255
154;POINTES GUTTA MULTI TAPER VARIABLE N?25 LONGUEUR 30MM R&S (60);6;5;3;7;4;29-256
155;POINTES GUTTA MULTI TAPER VARIABLE N?30 LONGUEUR 30MM R&S (60);6;5;3;7;4;29-257
156;TIRE-NERFS ISO 25 LONGUEUR 21MM R&S (12);10;2.45;3;7;4;90-653
157;TIRE-NERFS ISO 45 LONGUEUR 21MM R&S (12);5;2.45;3;7;4;90-657
158;TIRE-NERFS ISO 50 LONGUEUR 21MM R&S (12);5;2.45;3;7;4;90-658
159;RACLEURS R&S ASSORTIS N?15 LONGUEUR 21MM (6);10;5.75;3;7;4;90-694
160;EASYACCESS 12% N?25 LONGUEUR 15MM R&S (4);6;13.95;3;7;4;90-956
161;LIMES K N?8 LONGUEUR 25MM R&S (6);6;4.9;3;7;4;91-394
162;LIMES K N?10 LONGUEUR 25MM R&S (6);6;4.9;3;7;4;91-395
163;LIMES K N?15 LONGUEUR 25MM R&S (6);6;4.9;3;7;4;91-396
164;LIMES K N?20 LONGUEUR 25MM R&S (6);6;4.9;3;7;4;91-397
165;LIMES K N?25 LONGUEUR 25MM R&S (6);6;4.9;3;7;4;91-398
166;LIMES K N?30 LONGUEUR 25MM R&S (6);6;4.9;3;7;4;91-399
167;LIMES K N?35 LONGUEUR 25MM R&S (6);6;4.9;3;7;4;91-400
168;LIMES K N?40 LONGUEUR 25MM R&S (6);6;4.9;3;7;4;91-441
169;DIGUES NON LATEX MEDIUM BLEU R&S (20);1;12.9;3;7;4;9-577
170;CADRE A DIGUE TYPE OSTBY;6;9.73;3;7;77;14-480
171;RECIPROC INSTRUMENTS LONG. 25MM R25 (6);1;70.91;3;7;95;29-364
172;SERINGUES STERILE LUER LOCK 5ML (100);3;17.9;3;7;35;10-421
173;ENDO NEEDLE VMK 28G - 0,35MM (100);6;16.9;3;7;35;10-422
174;CONTRE-ANGLE NITI CONTROL 128:1;1;466.9;3;8;2;9-022
175;CONTRE-ANGLE MICRO-SERIES LED 20:1;2;1502.4;3;8;78;105-929
176;PIECE A MAIN 1:1 SPRAY EXTERNE;1;513.1;3;8;78;28-059
177;REDUCTEUR POMPE A SALIVE 17.5/11MM (6);10;39.83;3;8;79;6-277
178;AIR-FLOW HANDY 3.0 PREMIUM RACCORD BIEN AIR;0;0;3;8;36;104-67501
179;AIR-FLOW HANDY 3.0 PREMIUM RACCORD NSK;1;1311.1;3;8;36;104-67505
180;PDRE AIR-FLOW CLASSIC COMFORT CERISE FL.;1;95.76;3;7;36;200-253
181;GUERIDON 2 PLATEAUX HYGITECH (1);1;279.3;3;8;14;105-823
182;POUDRE FLASH PEARL NEUTRE (4X300G);1;79.8;3;8;96;28-027
183;INSERT 1S R&S;20;30;3;8;4;28-185
184;CLE DYNAMO POUR INSERTS TYPE S ET E R&S;16;12.5;3;8;4;28-576
185;TABOURET BENJAMIN NOIR;0;0;3;9;10;15-665
186;DISQUES SOF-LEX POP-ON ORANGE KIT (240);6;82.95;3;9;1;14-560
187;FRAISES CHIRURGICALES N?H141 ISO023 DENTORIA (3);6;55.3;3;9;37;60-041
188;FRAISES DIAMANTEES N?132 ISO008 FIN DENTORIA (5);6;19.95;3;9;37;60-254
189;FRAISES TUNGSTENE N?701 ISO012 DENTORIA (5);1;20.26;3;9;37;66-243
190;FRAISES DIAMANTEES N?856 ISO018 SUPER GROS DENTORIA (5);1;19.95;3;9;37;66-439
191;FRAISES DIAMANTEES N?856 ISO025 SUPER GROS DENTORIA (5);4;19.95;3;9;37;66-440
192;FRAISES EXCAVABUR CA N?E123A ISO 012 (5);6;19.25;3;9;33;6-071
193;FRAISES EXCAVABUR CA N?E123A ISO 023 (5);4;9.63;3;9;33;6-076
194;FRAISES EXCAVABUR CA N?E123A ISO 027 (5);4;9.63;3;9;33;6-078
195;FRAISES ZEKRYA FG N?151 ISO 008 MAILLEFER (5);2;43.33;3;9;33;6-944
196;FRAISES ZEKRYA FG N?151L ISO 008 MAILLEFER (5);2;43.33;3;9;33;6-945
197;FRAISES SPEEDSTER S5 (10);2;34.3;3;9;38;200-867
198;MANDRINS EDENTA POUR DISQUES N?4005 CA (6);6;9.03;3;9;39;107-94701
199;FRAISE SOFT TISSUE TRIMMER EDENTA ISO 016 (1);6;67.55;3;9;39;15-669
200;FRAISE TUNGSTENE N?1509 ISO060 EDENTA(1);12;14.35;3;9;39;6-978
201;EVEFLEX SET RA209;6;28.42;3;9;80;105-954
202;MEULETTES UNIVERSELLES MONTEES CYLINDRO-CONIQUE GROS (10);5;20.79;3;9;80;7-365
203;MEULETTES UNIVERSELLES NON MONTEES GRANDE CUPULE GROS (10);5;9.24;3;9;80;7-368
204;POLISSOIRS PERFECT POLISH RECHARGE FLAMME MOYEN (12);1;23.03;3;9;19;7-735
205;PORTE-FRAISES COUVERCLE TRANSPARENT48 PERF BEIGE FG;4;12.57;3;9;42;60-954
206;PORTE-FRAISES COUVERCLE TRANSPARENT48 PERF CA;4;12.57;3;9;42;60-955
207;PORTE-FRAISES COUVERCLE TRANSPARENT 72 PERFORATIONS BEIGE FG;5;11.7;3;9;42;60-956
208;PORTE-FRAISES COUVERCLE TRANSPARENT 72 PERFORATIONS BEIGE CA;5;11.7;3;9;42;60-957
209;FRAISES DIAMANTEES TR-62C 197 ISO 018 GROS MANI (5);4;13.23;3;9;81;67-059
210;FRAISES DIAMANTEES CR-11F 196 ISO 020 FIN MANI (5);4;6.62;3;9;81;67-094
211;FRAISES DIAMANTEES CR-12F 198 ISO 015 FIN MANI (5);8;6.87;3;9;81;67-096
212;BROSSETTES NYLON MEDIBASE (50);8;14.9;3;9;8;105-873
213;BROSSETTES SOIE MEDIBASE (50);4;14.9;3;9;8;105-874
214;FRAISES DIAMANTEES N?A2 ISO014 MOYEN MEDIBASE (25);1;20.62;3;9;8;60-281
215;FRAISES DIAMANTEES N?E42 ISO010 GROS MEDIBASE (25);3;19;3;9;8;66-343
216;MINI-SEQUENCEUR 5 PERFORATIONS VERT FG (1);4;15.82;3;9;9;6-056
217;FRAISES PREDATOR TURBO N?PR 557T ISO 010 (10);2;34.86;3;9;44;60-003
218;FRAISES ENDO ACCESS ISO 016 PRIMA DENTAL (5);3;29.33;3;9;44;60-075
219;FRAISES A OS LINDEMANN N?161 ISO 016 PRIMA DENTAL (5);1;44.73;3;9;44;60-369
220;FRAISES CAVIPREP N?2C ISO 010 PRIMA DENTAL (5);6;15.4;3;9;44;8-762
221;FRAISES CAVIPREP N?3C ISO 012 PRIMA DENTAL (5);6;15.4;3;9;44;8-763
222;FRAISES DIAMANTEES N?A0 ISO009 MOYEN R&S (5);4;6.95;3;9;4;60-008
223;FRAISES DIAMANTEES N?A010 ISO010 MOYEN R&S (5);4;6.95;3;9;4;60-114
224;FRAISES DIAMANTEES N?D21R ISO014 GROS R&S (5);3;6.95;3;9;4;60-146
225;FRAISES DIAMANTEES N?M3 ISO018 SUPER GROS R&S (5);3;6.95;3;9;4;60-162
226;FRAISES DIAMANTEES N?M3 ISO018 GROS R&S (5);3;6.95;3;9;4;60-163
227;FRAISES DIAMANTEES N?F08R ISO014 MOYEN R&S (5);2;6.95;3;9;4;60-172
228;FRAISES DIAMANTEES N?Z51 ISO014 GROS R&S (5);6;6.95;3;9;4;60-179
229;FRAISES DIAMANTEES N?K1R ISO018 GROS R&S (5);2;6.95;3;9;4;60-187
230;FRAISES DIAMANTEES N?K1R ISO018 FIN R&S (5);2;6.95;3;9;4;60-191
231;FRAISES DIAMANTEES N?A3L ISO018 GROS R&S (5);4;6.95;3;9;4;60-276
232;FRAISES DIAMANTEES N?G2 ISO041 MOYEN R&S (5);4;6.95;3;9;4;6-312
233;FRAISES DIAMANTEES N?E3 ISO016 SUPER FIN R&S (5);2;6.95;3;9;4;6-341
234;FRAISES DIAMANTEES N?E3 ISO016 MOYEN R&S (5);2;6.95;3;9;4;6-427
235;FRAISES DIAMANTEES N?A3 ISO018 GROS R&S (5);3;6.95;3;9;4;6-638
236;FRAISES DIAMANTEES N?D4R ISO013 GROS R&S (5);4;6.95;3;9;4;66-383
237;FRAISES DIAMANTEES N?A4 ISO022 GROS R&S (5);3;6.95;3;9;4;6-639
238;FRAISES DIAMANTEES N?F1R ISO016 MOYEN R&S (5);2;6.95;3;9;4;6-643
239;FRAISES DIAMANTEES N?C1 ISO013 GROS R&S (5);4;6.95;3;9;4;6-645
240;FRAISES DIAMANTEES N?C3 ISO025 GROS R&S (5);6;6.95;3;9;4;6-647
241;FRAISES DIAMANTEES N?F1R ISO016 GROS R&S (5);2;6.95;3;9;4;6-648
242;FRAISES DIAMANTEES N?C3 ISO025 SUPER GROS R&S (5);6;6.95;3;9;4;66-485
243;FRAISES DIAMANTEES N?F2R ISO017 GROS R&S (5);2;6.95;3;9;4;6-649
244;FRAISES DIAMANTEES N?E7 ISO012 FIN R&S (5);4;6.95;3;9;4;6-673
245;POLISHING PASTE MOYEN (45G);9;5.92;3;9;4;7-161
246;FRAISE DIAMANTEE N? C2 ISO 018 GROS STRAUSS (1);4;3.64;3;9;97;60-325
247;FRAISE DIAMANTEE N? C3 ISO 025 GROS STRAUSS (1);6;3.64;3;9;97;60-327
248;FRAISES ACIER BOULE N?10 PM US10 THOMAS ISO 027 (6);1;22.33;3;9;98;6-456
249;MAGIC STRIPS ROUGE GROS GRAIN (10);6;47.6;3;9;99;25-180
250;MAGIC STRIPS VERTS GRAIN MOY (10);6;47.6;3;9;99;25-181
251;MAGIC STRIPS JAUNE GRAIN FIN (5);6;47.6;3;9;99;25-182
252;DENTASEPT 3H RAPID BIDON (5L) + POMPE;2;94.43;3;10;71;107-047
253;BACTINYL PRET A L'EMPLOI BIDON (5L);2;45.47;3;10;100;105-589
254;BACTINYL SPRAY (750ML);1;8.9;3;10;100;4-805
255;DENTO-VIRACTIS 77 SPRAY (1L);5;8.5;3;10;45;4-064
256;DENTO-VIRACTIS 57 BIDON (5L);4;22;3;10;45;4-220
257;DENTO-VIRACTIS INSTRUGERM BIDON (5L);2;67.75;3;10;45;4-804
258;MD 555 BIDON (2,5L);2;32.13;3;10;46;4-193
259;OROTOL PLUS FLACON (2,5L);2;40.53;3;10;46;4-241
260;PROCLEAN BIDON (5L);9;61.53;3;10;47;4-179
261;DPH21 BIDON (5L);9;33.25;3;10;47;4-209
262;TRECLEAN POT (1,2KG);1;46.86;3;10;18;4-082
263;LINGETTES RECH.FR/IT/DE/NL MEDIBASE (100);20;1.9;3;10;8;4-276
264;LINGETTES MEDIBASE BOITE (100);12;2.35;3;10;8;4-683
265;ORANGE SOLVANT SPRAY R&S (200 ML);6;4.1;3;10;4;4-014
266;BROSSETTE CARD POUR FRAISES R&S (1);2;1.5;3;10;4;6-023
267;BROSSE A ONGLES;5;1.57;3;10;10;104-230
268;TAMPONS ABRASIFS SUR EPONGE (10);2;10.08;3;10;10;4-916
269;DENTAVON POT (900G);1;94.08;3;10;82;4-101
270;CISEAU DE RHODES CR36/37 AESCULAP;4;46.37;3;11;48;16-497
271;PINCE ADSON 1X2 GRIFFES 12 CM AESCULAP;4;26.32;3;11;48;22-050
272;MAILLET AESCULAP;1;132.26;3;11;48;22-058
273;ELEVATEUR DE SINUS LIFT N?3 AESCULAP;3;67.3;3;11;48;22-061
274;DECOLLEUR MOLT AESCULAP;3;39.2;3;11;48;22-068
275;LAMES DE BISTOURIS AESCULAP N?12 (100);2;15.72;3;11;48;5-363
276;SAFE REMOVER 1820A;6;83.23;3;11;2;20-765
277;COUTEAU A CIRE PETIT APECO;5;6.16;3;11;49;11-390
278;PINCE BREWER APECO;1;36.4;3;11;49;11-505
279;CISEAUX A GENCIVES APECO DROITS;8;5.53;3;11;49;11-770
280;SPATULE DE BOUCHE HEIDEMANN APECO N?0;70;5.04;3;11;49;11-785
281;PORTE AIGUILLE CASTROVIEJO CLASSIC DROITS;4;34.9;3;11;50;105-63401
282;PINCE DE FURRER CLASSIC CHICAGO DENTAL;10;20.72;3;11;50;105-660
283;PINCE UNIVERSELLE CLASSIC CHICAGO DENTAL;6;21.81;3;11;50;105-662
284;PINCE A PERFORER DENTSPLY ASH;1;118.93;3;11;101;9-114
285;GODET DAPPEN TRANSPARENT;4;1.33;3;11;83;15-550
286;BAGUES DE CODIFICATION DIRECTA JAUNE (50);5;8.36;3;11;64;11-287
287;BAGUES DE CODIFICATION DIRECTA ROUGE (50);5;8.36;3;11;64;11-289
288;BAGUES DE CODIFICATION DIRECTA BLEU (50);5;8.36;3;11;64;11-295
289;BAGUES DE CODIFICATION DIRECTA VERT (50);5;8.36;3;11;64;11-399
290;BAGUES DE CODIFICATION DIRECTA NOIR (50);5;8.36;3;11;64;11-442
291;LUXATOR ORIGINAL 2S DIRECTA DENTAL;4;62.44;3;11;64;20-192
292;ECARTE-JOUES GESTENCO;3;32.13;3;11;102;15-092
293;PRECELLE AUTOBLOQUANTE G&H;3;13.65;3;11;103;108-117
294;ECARTEUR DOUBLE GLENROE AUTOCLAVABLE;4;26.6;3;11;104;15-406
295;PINCES DE TWEED HU-FRIEDY;2;105;3;11;40;11-202
296;CURETTE DOUBLE LUCAS HU-FRIEDY;4;58.07;3;11;40;11-279
297;ECARTEUR CRM2 HU-FRIEDY;3;27.96;3;11;40;11-312
298;RAPE A OS BF1X HU-FRIEDY;3;67.83;3;11;40;11-319
299;CURETTE GRACEY SRG HU-FRIEDY 3/4;3;35.63;3;11;40;11-807
300;PINCE A DEBAGUER LONGUE HU-FRIEDY;2;105;3;11;40;11-943
301;PINCE UNIVERSELLE HU-FRIEDY;5;118.3;3;11;40;11-945
302;SUPPORT POUR PINCES ORTHO HU-FRIEDY;1;38.5;3;11;40;11-949
303;PINCE COUPANTE FILS DE LIGATURE MICRO;2;118.3;3;11;40;11-953
304;PINCE 442 HU-FRIEDY;2;105;3;11;40;11-982
305;PINCE DE WEINGART STD L.678-201L;5;105;3;11;40;20-753
306;PINCE BEC D'OISEAU FINE 678-323;3;105;3;11;40;20-762
307;DECOLLEUR MICRO CHIRURGICAL;4;51.07;3;11;40;20-982
308;CURETTE ELEVATION KRAMER IMP6577SC;6;73.43;3;11;40;94-466
309;CURETTE ELEVATION SINUS IMP6523S;6;73.43;3;11;40;94-468
310;CURETTE ELEVATION SINUS IMP3006;3;73.43;3;11;40;94-469
311;ELEVATEUR HEIDBRINK 13/14;4;58.45;3;11;40;95-0279
312;OSTEOTOME ANGULE CONVEXE DIAMETRE 2,8MM HYGITECH (1);3;43.4;3;11;14;107-63403
313;OSTEOTOME ANGULE CONVEXE DIAMETRE 4,1MM HYGITECH (1);3;43.4;3;11;14;107-63407
314;INSTRUMENT A SCULPTER LES COMPOSITES LARIDENT (5);6;6.23;3;11;42;14-027
315;GODET POUR RESINE TRANSPARENT (25ML);4;6.97;3;11;42;15-528
316;KITS INSTRUMENTS JETABLES MEDIBASE (10);21;4.1;3;11;8;5-585
317;DETARTREUR CK6S DENTAL PACIFIC;6;14.28;3;11;51;20-023
318;PRECELLE COLLEGE DENTAL PACIFIC;50;3.9;3;11;51;20-024
319;DECOLLEUR PRICHARD DENTAL PACIFIC;3;16.45;3;11;51;20-090
320;SPATULES A CIMENT DOUBLE N?16L DENTAL PACIFIC;15;5.95;3;11;51;20-100
321;PINCE COREENNE ORTHO TECHNOLOGY OT-800;2;87.5;3;11;92;104-967
322;ENFONCE-BAGUES METAL OT-206;2;20.93;3;11;92;11-558
323;ENFONCE-BAGUES AUTOCLAVABLE BLEU;2;4.2;3;11;92;11-643
324;PRECELLE POUR TUBES MOLAIRES OT-289;2;24.22;3;11;92;89-000
325;ECARTEUR DE DAUTREY GRAND MODELE;4;32.83;3;11;25;103-360
326;MANCHE DE BISTOURI ROND XL STYLE;6;31.43;3;11;25;10-558
327;SYNDESMOTOME FAUCILLE PRODONT;17;29.33;3;11;25;11-043
328;ELEVATEUR BEIN BAYONETTE N?69 PRODONT;4;45.43;3;11;25;11-061
329;DECOLLEUR HOURIGAN 407.04XL;4;34.93;3;11;25;20-978
330;CUPULE 0.020L PRODONT;3;5.88;3;11;25;22-210
331;CUPULE 0.060L PRODONT;3;6.65;3;11;25;22-212
332;LAMES DE BISTOURI N?15 R&S (100);2;6.9;3;11;4;104-63204
333;SONDE DIAGNOSTIC N?9 R&S;70;2.6;3;11;4;105-67205
334;DAVIER ADULTES N?7 MORS STRIES R&S;8;23;3;11;4;105-67512
335;DAVIER ADULTES N?17 MORS STRIES R&S;8;23;3;11;4;105-67513
336;DAVIER ADULTES N?18 MORS STRIES R&S;8;23;3;11;4;105-67514
337;DAVIER ADULTES N?2 MORS STRIES R&S;8;23;3;11;4;105-67515
338;DAVIER ADULTES N?13 MORS STRIES R&S;8;23;3;11;4;105-67516
339;DAVIER ADULTES N?22 MORS STRIES R&S;8;23;3;11;4;105-67517
340;DAVIER ADULTES N?33 MORS STRIES R&S;8;23;3;11;4;105-67518
341;DAVIER ADULTES N?51 MORS STRIES R&S;4;23;3;11;4;105-67520
342;DAVIER ADULTES N?67A MORS STRIES R&S;8;23;3;11;4;105-67521
343;DAVIER ADULTES N?79 MORS STRIES R&S;8;23;3;11;4;105-67522
344;DAVIER ENFANTS N?7 MORS STRIES R&S;4;23;3;11;4;105-67601
345;DAVIER ENFANTS N?137 MORS STRIES R&S;4;23;3;11;4;105-67602
346;DAVIER ENFANTS N?139 MORS STRIES R&S;4;23;3;11;4;105-67603
347;DAVIER ENFANTS N?3 MORS STRIES R&S;4;23;3;11;4;105-67604
348;DAVIER ENFANTS N?51S MORS STRIES R&S;4;23;3;11;4;105-67606
349;DAVIER ENFANTS N?6 MORS STRIES R&S;4;23;3;11;4;105-67607
350;PINCE GOUGE FRIEDMAN 14 CM R&S;16;40.5;3;11;4;11-033
351;CURETTE DOUBLE HEMINGWAY N? 2 R&S;11;14.45;3;11;4;11-071
352;PORTE-AIGUILLE MATHIEU 14 CM R&S;21;26.25;3;11;4;11-200
353;FOULOIR BLACK N? 1 R&S;10;7.1;3;11;4;11-251
354;FOULOIR BLACK N? 2 R&S;10;7.1;3;11;4;11-252
355;BRUNISSOIR N? 7 R&S;6;6.9;3;11;4;11-273
356;BRUNISSOIR N? 7A R&S;8;6.9;3;11;4;11-274
357;PINCE HEMOSTATIQUE COURBE R&S;6;13.38;3;11;4;11-405
358;MANCHES DE MIROIRS HEXAGONAUX R&S (12);10;13.8;3;11;4;11-421
359;PINCE A PLIER LE FIL ROND R&S;2;49.75;3;11;4;11-475
360;INSTRUMENT DBLE ENLEVER LIGATURES ELASTIQUES R&S;3;9.75;3;11;4;11-487
361;INSTRUMENT DE SHURE R&S;5;11.25;3;11;4;11-488
362;ELEVATEUR BEIN (4MM) R&S;8;19.9;3;11;4;11-529
363;SONDE PARO WILLIAMS R&S;14;7.95;3;11;4;11-792
364;SONDE PARO CP 12 R&S;3;7.95;3;11;4;11-793
365;PRECELLE MERIAM R&S;42;4.3;3;11;4;11-796
366;CURETTE DE GRACEY 1/2 R&S;6;7.8;3;11;4;11-829
367;CURETTE DE GRACEY 3/4 R&S;6;7.8;3;11;4;11-832
368;CURETTE DE GRACEY 11/12 R&S;6;7.8;3;11;4;11-833
369;CURETTE DE GRACEY 13/14 R&S;6;7.8;3;11;4;11-834
370;DETARTREUR CRANE KAPLAN CK6 R&S;4;13.45;3;11;4;11-839
371;EXCAVATEUR DOUBLE N? 18 R&S;6;7.45;3;11;4;11-842
372;EXCAVATEUR DOUBLE N? 17 R&S;6;7.45;3;11;4;11-843
373;DECOLLEUR MOLT N? 9 R&S;8;11.9;3;11;4;11-869
374;CISEAUX A GENCIVES DROITS R&S;8;6.75;3;11;4;11-996
375;MIROIRS TITANIUM N?5 PLAN R&S (12);10;19.98;3;11;4;20-601
376;GODETS DAPPEN SVENSKA DENTORAMA ASSORTIS (1000);6;34.3;3;11;84;5-387
377;BISTOURIS SWANN MORTON N?11 (10);4;4.76;3;11;105;5-352
378;BISTOURIS SWANN MORTON N?12 (10);4;4.76;3;11;105;5-353
379;BISTOURIS SWANN MORTON N?15 (10);6;4.76;3;11;105;5-354
380;KLEERVIEW ECARTE JOUES ENFANT;4;20.16;3;11;55;11-861
381;KLEERVIEW ECARTE JOUES ADULTE;4;20.16;3;11;55;11-862
382;STOPS A SERTIR ORTHO TECHNOLOGY (10);3;18.2;3;12;92;62-104
383;MIROIR PHOTOS OCCLUSAL L ADULTE;1;43.4;3;21;9;15-582
384;MIROIR PHOTOS OCCLUSAL L ENFANT;1;43.4;3;21;9;15-583
385;MANCHE MIROIR SILICONE BLEU NICHROMINOX;1;29.05;3;21;9;2-254
386;MIROIR INCASSABLE;5;19.95;3;14;54;15-400
387;CIRE DE PROTECTION GLENROE BOITES ASSORTIS (50);2;16.8;3;14;104;79-056
388;BOITES D'ORTHODONTIE EN DEMI-CERCLE BLANC (10);2;7;3;14;42;15-992
389;BOITES D'ORTHODONTIE EN DEMI-CERCLE ASSORTIS (10);1;7;3;14;42;18-020
390;BROSSES A DENTS JETABLES MEDIUM COULEURS ASSORTIES MEDIBASE (100);4;9.75;3;14;8;15-637
391;MAXI KIT D'HYGIENE NEXA (1);20;4.13;3;14;86;15-972
392;KIT DE MOTIVATION PREMIUM NEXA;6;3.85;3;14;86;15-974
393;FIL DENTAIRE NYLON FLOSS BLANC (25M);6;2.03;3;14;21;15-233
394;FAIRY-BOX STERIBLUE VERT (50);1;17.46;3;14;74;105-51804
395;OPALESCENCE PF PATIENT KIT NEUTRE 16%;4;55.55;3;14;55;104-82602
396;MARINIERE EVASION L BLEU FONCE;10;26.53;3;15;56;105-95715
397;MARINIERE EVASION M BLEU FONCE;10;26.53;3;15;56;105-95717
398;MARINIERE EVASION S BLEU FONCE;6;26.53;3;15;56;105-95718
399;MARINIERE EVASION XL BLEU FONCE;4;26.53;3;15;56;105-95719
400;MARINIERE EVASION L FUCHSIA;4;26.53;3;15;56;105-95743
401;MARINIERE EVASION M FUCHSIA;4;26.53;3;15;56;105-95745
402;MARINIERE EVASION S FUCHSIA;10;26.53;3;15;56;105-95746
403;MARINIERE EVASION XXL FUCHSIA;3;26.53;3;15;56;105-95748
404;MARINIERE EVASION XS FUCHSIA;4;26.53;3;15;56;105-95749
405;PANTALON OSCAR L BLEU FONCE;4;30.8;3;15;56;105-95919
406;PANTALON OSCAR S BLEU FONCE;4;30.8;3;15;56;105-95922
407;PANTALON OSCAR XL BLEU FONCE;4;30.8;3;15;56;105-95923
408;PANTALON OTTAWA L BLANC;16;29.4;3;15;56;105-96101
409;PANTALON OTTAWA M BLANC;16;29.4;3;15;56;105-96102
410;PANTALON OTTAWA XS BLANC;4;29.4;3;15;56;105-96106
411;PANTALON OTTAWA M FUCHSIA;4;29.4;3;15;56;105-96120
412;PANTALON OTTAWA S FUCHSIA;4;29.4;3;15;56;105-96121
413;PANTALON OTTAWA XS FUCHSIA;4;29.4;3;15;56;105-96124
414;CALOTS BLEU HYGITECH (100);1;6.9;3;15;14;22-327
415;SURCHAUSSURES BLEU HYGITECH (100);1;11.13;3;15;14;22-329
416;START KITS HYGITECH (5);3;62.3;3;15;14;22-395
417;BLOUSE D'ISOLATION STERILE L BLEU HYGITECH (30);1;62.3;3;15;14;22-415
418;VISTA-TEC ECO BLANC (MONTURE + 5 ECRANS);4;25.9;3;15;43;102-46205
419;LUNETTES NAMIB LA PAIRE TRANSPARENT;10;2.63;3;15;10;15-908
420;LUNETTE ORANGES ULTRATECT N?508;1;17.46;3;15;55;94-072
421;COURONNES PEDO ACIER INOX COFFRET ND 96;1;440.3;3;16;1;13-203
422;PROTEMP 4 COFFRET INTRO AVEC PISTOLET TEINTE A2;4;127.96;3;16;1;13-744
423;EMBOUTS MELANGEURS BLEUS GARANT (50);2;44.45;3;16;1;13-985
424;UNIFAST TRAD POUDRE TEINTE IVOIRE (100G);4;38.99;3;16;18;12-565
425;UNIFAST TRAD LIQUIDE (100ML);4;23.1;3;16;18;12-568
426;RELINE SOFT COFFRET D'INTRODUCTION TEINTE ROSE;1;160.79;3;16;18;12-980
427;ENFONCE-COURONNES ITENA;5;3.71;3;16;19;13-418
428;DENTOCROWN COFFRET 1 CARTOUCHE TEINTE A3 (50ML);0;0;3;16;19;13-766
429;F.I.T.T. COFFRET TEINTE BLANC;4;46.55;3;16;20;1-310
430;COURONNESCOFFRET SANS BARRETTE-GUIDE R&S (180);4;39.75;3;16;4;23-101
431;TEINTIER VITAPAN CLASSIQUE;5;68.39;3;16;58;24-186
432;TABLIER DE PLOMB AVEC COL ADULTE RINN;2;126;3;17;87;201-173
433;HOUSSES CARTONNEES POUR ERLM N?1 SOPRO (250);2;51.8;3;17;59;21-004
434;HOUSSES CARTONNEES POUR ERLM N?2 SOPRO (250);2;51.8;3;17;59;21-005
435;HOUSSES CARTONNEES POUR ERLM N?3 SOPRO (250);1;51.8;3;17;59;21-006
436;CAVIT POT GRIS (28G);0;0;3;18;1;12-030
437;RUBAN MATRIX N? 1939 ROULEAU (21M);8;30.1;3;18;1;14-601
438;PISTOLET INJECTEUR 5707SD;9;66.85;3;18;1;40-156
439;PORTE-AMALGAME PLASTIQUE 45?;5;15.75;3;18;54;24-051
440;PAPIER A ARTICULER BAUSCH BOITE 200? BLEU (300);6;13.65;3;18;60;15-001
441;GODET A AMALGAME FRANCE DENTAIRE;5;16.76;3;18;50;22-004
442;GEL ETCH SERINGUE CLINIX (50ML) + ACCESSSOIRES;3;34.9;3;18;12;12-111
443;PSI (55ML BASE + 20ML CATALYSEUR);4;34.93;3;18;61;15-370
444;IRM COFFRET POUDRE / LIQUIDE;4;36.72;3;18;17;12-330
445;AUTOMATRIX COFFRET COMPLET;2;321.3;3;18;17;14-725
446;MATRICES APIS COFFRET COMPLET;4;36.12;3;18;62;14-664
447;MATRICES APIS COFFRET MOLAIRES;4;11.69;3;18;62;14-665
448;FIT CHECKER ADVANCED CARTOUCHE BLANC (2X48ML);2;60.55;3;18;18;104-69701
449;FUJI II LC CAPSULES TEINTE A3 (50);2;110.88;3;18;18;14-554
450;IPERBOND ULTRA ADHESIVE FLACON (5ML);6;64.75;3;18;19;14-265
451;REFLECTYS CAPSULES TEINTE A3,5 (20X0,25G);6;34.23;3;18;19;25-227
452;PREVENT SEAL SERINGUE (1,2ML);4;21.21;3;18;19;25-238
453;REFLECTYS FLOW SERINGUE TEINTE A2 (2G);6;20.23;3;18;19;25-296
454;REFLECTYS FLOW SERINGUE TEINTE A3 (2G);6;20.23;3;18;19;25-303
455;REFLECTYS CAPSULES TEINTE A3 (20X0,25G);6;34.23;3;18;19;25-349
456;REFLECTYS CAPSULES TEINTE D3 (20X0,25G);6;34.23;3;18;19;25-502
457;MATRICES METAL KERR ROULEAU EPAIS. 0,03MM LARG. 6MM (3M);4;9.73;3;18;20;14-603
458;COINS INTERDENTAIRES BOITE N?826 (500);4;36.96;3;18;20;14-611
459;COMPOSITE GUN 1910 KERR;1;0;3;18;20;24-529
460;MATRICES CERVICALES COFFRET N?850S;1;59.46;3;18;20;24-600
461;REVOLUTION FORMULA 2 SERINGUES TEINTE A3 (4X1G);1;57.75;3;18;20;25-280
462;TEMFIL II BLANC (30G);4;4;3;18;4;12-464
463;VIBRACAP R&S;5;229.5;3;18;4;14-246
464;PAPIERS A ARTICULER 200? BLEU BOITE R&S (300);2;7.9;3;18;4;15-692
465;SUPRAETCH SERINGUES (4X1,2 ML+8 EMBOUTS);4;9.9;3;18;4;24-855
466;MEGA+ CAPSULES N?1 NORMALE (50);4;24.95;3;18;4;27-270
467;PORTE-MATRICE TOFFLEMIRE JTC UNIVERSEL;4;23.03;3;18;10;14-046
468;CLIP F TRIPACK SERINGUES (3X4G);4;45.43;3;18;22;25-071
469;DENTOCLIC TENONS CYLINDR. CON. INOX DIA. 1,30MM LONGUEUR 9,5MM (20);6;24;3;19;32;54-120
470;DENTOCLIC TENONS CYLINDR. CON. INOX DIA. 1,40MM LONGUEUR 11,5MM (20);6;24;3;19;32;54-121
471;DENTOCLIC TENONS CYLINDR. CON. INOX DIA. 1,50MM LONGUEUR 13,5MM (20);6;24;3;19;32;54-122
472;DENTOCLIC TENONS CYL. CON. CALCIN DIA. 1,28MM LONGUEUR 9,5MM (40);6;24;3;19;32;54-125
473;DENTOCLIC TENONS CYL. CON. CALCIN DIA. 1,38MM LONGUEUR 11,5MM (40);6;24;3;19;32;54-126
474;DENTOCLIC TENONS CYL. CON. CALCIN DIA. 1,48MM LONGUEUR 13,5MM (40);6;24;3;19;32;54-127
475;DENTOCLIC TENONS CYLINDR. CON. INOX DIA. 1,30MM LONGUEUR 11,4MM (20);6;24;3;19;32;54-146
476;DENTOCLIC TENONS CYL. CON. CALCIN DIA. 1,28MM LONGUEUR 11,4MM (40);6;24;3;19;32;54-148
477;DENTOCLIC TENONS CYLINDR. CON. INOX DIA. 1,20MM LONGUEUR 9,5MM (20);6;24;3;19;32;54-150
478;DENTOCLIC TENONS CYLINDR. CON. INOX DIA. 1,20MM LONGUEUR 11,4MM (20);6;24;3;19;32;54-151
479;DENTOCLIC TENONS CYL. CON. CALCIN DIA. 1,18MM LONGUEUR 9,5MM (40);6;24;3;19;32;54-152
480;DENTOCLIC TENONS CYL. CON. CALCIN DIA. 1,18MM LONGUEUR 11,4MM (40);6;24;3;19;32;54-153
481;DENTOCLIC COFFRET PREMIUM DIA. ASSORTIS LONG. ASSORTIS (200);5;192.5;3;19;32;54-950
482;DISTRIBUTEUR DE GOBELETS CROSSTEX;5;22.19;3;20;106;5-053
483;PIPETTES PLASTIQUES (100);4;21.7;3;20;63;5-022
484;CHAINETTE A BILLES DIRECTA METAL;4;5.53;3;20;64;5-163
485;GANTS NITRILE HU-FRIEDY S -6/7 (3 PAIRES);1;25.72;3;20;40;5-733
486;CANULES DIAM 2,5MM HYGITECH (20);2;22.4;3;20;14;106-898
487;AIREO V-LOCK SYSTEM EMB. BLEU (200);10;29.05;3;20;19;107-37902
488;DISTRIBUTEUR DE ROULEAUX DE COTON BLANC;6;6.5;3;20;42;5-094
489;MASQUES A ELASTIQUES ROSE MEDIBASE (50);6;4.75;3;20;8;100-54604
490;POMPES A SALIVE EMBOUT DETACHABLE ROSE MEDIBASE (100);10;1.7;3;20;8;102-73905
491;COMPRESSES GAZE STERILES 5X5CM 12 PLIS MEDIBASE (2X50);11;4.15;3;20;8;105-39901
492;SPATULES DE MELANGE MEDIBASE (100);4;5.75;3;20;8;106-061
493;ROULEAUX DE COTON N?1 MEDIBASE (300G);4;2.75;3;20;8;106-56301
494;GANTS LATEX NON POUDRES NEW S- 6/7 MEDIBASE (100);30;3.4;3;20;8;108-27101
495;GANTS LATEX NON POUDRES NEW XS - 5/6 MEDIBASE (100);12;3.4;3;20;8;108-27103
496;GANTS LATEX NON POUDRES NEW L - 8/9 MEDIBASE (100);10;3.4;3;20;8;108-27104
497;GANTS LATEX NON POUDRES NEW M - 7/8 MEDIBASE (100);10;3.4;3;20;8;108-27105
498;GANTS LATEX STERILES S - 6,5 MEDIBASE (50 PAIRES);2;17.95;3;20;8;50-177
499;GANTS LATEX STERILES S/M - 7 MEDIBASE (50 PAIRES);2;17.95;3;20;8;50-178
500;GANTS LATEX STERILES M - 7,5 MEDIBASE (50 PAIRES);1;17.95;3;20;8;50-179
501;PLATEAUX JETABLES 15X20CM SANS COMPARTIMENTS LISSES MEDIBASE (400);4;18.45;3;20;8;50-198
502;GANTS LATEX NON POUDRES S - 6/7 MEDIBASE (100);10;3.9;3;20;8;5-431
503;GANTS LATEX NON POUDRES M - 7/8 MEDIBASE (100);10;3.9;3;20;8;5-432
504;GANTS LATEX NON POUDRES L - 8/9 MEDIBASE (100);6;3.9;3;20;8;5-433
505;GANTS LATEX POUDRES S - 6/7 MEDIBASE (100);10;3.95;3;20;8;5-436
506;GANTS LATEX POUDRES XS - 5/6 MEDIBASE (100);4;3.95;3;20;8;54-900
507;COMPRESSES NON TISSEES NON STERILES 5X5CM 4 PLIS MEDIBASE (1000);6;5.6;3;20;8;5-520
508;BLOCS DE MELANGE 7X8CM MEDIBASE (3);2;6.4;3;20;8;5-641
509;BLOC DE MELANGE 7X8CM MEDIBASE;4;2.95;3;20;8;5-698
510;MASQUES A ELASTIQUES BLEU MEDIBASE (50);16;3.5;3;20;8;5-724
511;GOBELETS EN PLASTIQUE BLANC 180ML MEDIBASE (3000);2;15.86;3;20;8;5-749
512;MINI BROSSETTES REGULAR BLEU MEDIBASE (100);6;4.1;3;20;8;5-750
513;MINI PINCEAUX REGULAR VERT MEDIBASE (100);6;3.8;3;20;8;5-752
514;POMPES A SALIVE EMBOUT DETACHABLE BLEU MEDIBASE (100);10;1.7;3;20;8;5-754
515;SERVIETTES PLASTIFIEES 45X33CM BLEU AZUR 3 PLIS MEDIBASE (500);6;11.7;3;20;8;5-800
516;DOIGTIERS NON POUDRES S MEDIBASE (100);10;1.95;3;20;8;5-983
517;PLATEAUX JETABLES 28X18CM BLEU CIEL (400);3;39.76;3;20;107;50-253
518;POCHETTES TETIERES A ELASTIQUES OMNIA DIAM 24CM BLANC;4;30.45;3;20;15;5-601
519;CANULES D'ASPIRATION ORSING 11MM BLEU (100);16;1.86;3;20;66;5-207
520;ESSUIE-MAINS Z TOP EN CARTOUCHES BLANC (20);1;22.15;3;20;108;5-191
521;RISKONTROL ADAPTATEUR NOUVEAU POUR SERINGUE ADEC II;5;65.69;3;20;3;103-52403
522;BOULETTES D'OUATE ROEKO N?00;4;18.55;3;20;29;5-923
523;GANTS NITRILE NON POUDRES L-8/9 R&S(100);2;8.45;3;20;4;103-58603
524;GANTS NITRILE NON POUDRES M-7/8 R&S(100);4;4.23;3;20;4;103-58604
525;GANTS NITRILE NON POUDRES S-6/7 R&S(100);1;8.45;3;20;4;103-58605
526;BLOC DE MELANGE TURBOSIL GRADUE 9,8X19CM SUPPORT CARTON AVEC GRADUATION;4;3.08;3;20;4;1-979
